{"heightWeight":0.0822895136587764,"removeLinesWeight":0.38725977841579506,"holeCoverWeight":0.03826401807560197,"holeAddingWeight":0.8968050723650041,"bumpWellWeight":0.19373906953493178}